school_name,web_site,email,address,phone,school_type,affiliation,director,classes,url
"Средняя общеобразовательная школа ""Школа здоровья"" № 27",http://sch27.mosuzedu.ru/,,"117593, Москва, Юго-Западный округ,  Литовский бульвар, 17, корп. 3",426-71-83,"Средняя (полная) общеобразовательная школа, в т.ч. с углубленным изучением отдельных предметов","Государственное образовательное учреждение","Григорян Инна Вагаршаковна",,http://www.edu.ru/schools/catalog/school/19/
"Средняя общеобразовательная школа № 789",http://ekolab789.narod.ru,,"117574, Москва, Юго-Западный округ,  Голубинская улица, 5-3","421-47-88; 421-45-66","Средняя (полная) общеобразовательная школа, в т.ч. с углубленным изучением отдельных предметов","Государственное образовательное учреждение","Прошлякова Светлана Дмитриевна",,http://www.edu.ru/schools/catalog/school/10/
"Средняя общеобразовательная школа с углубленным изучением иностранного языка (английского) № 1206",http://school1206moscow.narod.ru,,"117593, Москва, Юго-Западный округ,  Литовский бульвар, 3-3","426-64-22; 425-57-11","Средняя (полная) общеобразовательная школа, в т.ч. с углубленным изучением отдельных предметов","Государственное образовательное учреждение","Адамова Татьяна Павловна",,http://www.edu.ru/schools/catalog/school/23/
"Cредняя общеобразовательная школа № 108",http://www.sch108.mosuzedu.ru,,"117574, Москва, Юго-Западный округ,  Вильнюсская улица, 14","422-61-55; 422-58-33","Средняя (полная) общеобразовательная школа, в т.ч. с углубленным изучением отдельных предметов","Государственное образовательное учреждение","Добрынина Ирина Владимировна",,http://www.edu.ru/schools/catalog/school/17/
"Средняя общеобразовательная школа № 1108",http://www.sh1108.yasenevo.org,,"117593, Москва, Юго-Западный округ,  Соловьиный проезд, 16 корп. 2","426-96-04; 426-66-11","Средняя (полная) общеобразовательная школа, в т.ч. с углубленным изучением отдельных предметов","Государственное образовательное учреждение","Лямбек Людмила Сергеевна",,http://www.edu.ru/schools/catalog/school/11/
"Cредняя общеобразовательная школа № 1103 имени героя РФ А. В. Соломатина",http://solomatinschool.ucoz.org,,"117588, Москва, Юго-Западный округ,  Литовский бульвар, 44 корп. 2",426-88-11,"Средняя (полная) общеобразовательная школа, в т.ч. с углубленным изучением отдельных предметов","Государственное образовательное учреждение","Орленко Ирина Ивановна",,http://www.edu.ru/schools/catalog/school/6/
"Средняя общеобразовательная школа № 693",http://www.school693.ru,,"117593, Москва, Юго-Западный округ,  Соловьиный проезд, 4-3","426-79-11; 426-79-00","Средняя (полная) общеобразовательная школа, в т.ч. с углубленным изучением отдельных предметов","Государственное образовательное учреждение","Карпова Светлана Евангельевна",,http://www.edu.ru/schools/catalog/school/4/
"Средняя общеобразовательная школа № 864",http://www.sch864.blagosvet.ru,,"117588, Москва, Юго-Западный округ,  Литовский бульвар, 6 корп. 2","425-67-67; 425-55-33","Средняя (полная) общеобразовательная школа, в т.ч. с углубленным изучением отдельных предметов","Государственное образовательное учреждение","Работкина Вера Васильевна",,http://www.edu.ru/schools/catalog/school/7/
"Cредняя общеобразовательная школа № 1106",http://sch1106.mosuzedu.ru,,"117463, Москва, Юго-Западный округ,  Карамзина проезд, 13 корп. 3","423-27-88; 422-09-61","Средняя (полная) общеобразовательная школа, в т.ч. с углубленным изучением отдельных предметов","Государственное образовательное учреждение","Селезнева Лидия Ивановна",,http://www.edu.ru/schools/catalog/school/5/
"НОУ Православная гимназия ""Радонеж""",http://gymnasia-radonezh.ru/,,"117574, Москва, Юго-Западный округ,  Одоевского проезд, 13",423-51-22,"Гимназия","Негосударственное образовательное учреждение","Тишков Михаил Борисович",,http://www.edu.ru/schools/catalog/school/33/
"Средняя общеобразовательная школа № 765"," http://www.school765.ru",,"117588, Москва, Юго-Западный округ,  Литовский бульвар, 10-2",426-64-11,"Средняя (полная) общеобразовательная школа, в т.ч. с углубленным изучением отдельных предметов","Государственное образовательное учреждение","Гостинцева Светлана Ивановна",,http://www.edu.ru/schools/catalog/school/12/
"Негосударственное образовательное учреждение Средняя общеобразовательная школа «Академия языка»",http://www.skool.ru/,,"117588, Москва, Юго-Западный округ,  Новоясеневский проспект, 5-2",427-83-00,"Средняя (полная) общеобразовательная школа, в т.ч. с углубленным изучением отдельных предметов","Негосударственное образовательное учреждение","Портнова Лариса Николаевна",,http://www.edu.ru/schools/catalog/school/22/
"Средняя общеобразовательная школа № 794",http://www.sosh794.ru,,"117593, Москва, Юго-Западный округ,  Литовский бульвар, 17-4",426-17-11,"Средняя (полная) общеобразовательная школа, в т.ч. с углубленным изучением отдельных предметов","Государственное образовательное учреждение","Вдовина Галина Николаевна",,http://www.edu.ru/schools/catalog/school/8/
"ГОУ СОШ №18",http://scola18.narod.ru,18school-vopros@list.ru,"117463, Москва, Юго-Западный округ,  Карамзина проезд, 9, к.3",(495)422-20-83,"Средняя (полная) общеобразовательная школа, в т.ч. с углубленным изучением отдельных предметов","Государственное образовательное учреждение","Верглинский Андрей Юрьевич",,http://www.edu.ru/schools/catalog/school/20/
"Средняя общеобразовательная школа № 790",,,"117574, Москва, Юго-Западный округ,  Новоясеневский проспект, 24-3",427-68-01,"Средняя (полная) общеобразовательная школа, в т.ч. с углубленным изучением отдельных предметов","Государственное образовательное учреждение","Кириллова Ирина Алексеевна",,http://www.edu.ru/schools/catalog/school/9/
"Негосударственное образовательное учреждение Начальная общеобразовательная школа “Маленький принц”",http://littleschool.ru,,"117463, Москва, Юго-Западный округ,  Новоясеневский проспект, 38-3",,"Начальная общеобразовательная школа","Негосударственное образовательное учреждение","Феоктистова Татьяна Ивановна",,http://www.edu.ru/schools/catalog/school/29/
"Cредняя общеобразовательная школа № 107",http://www.school107.mosuzedu.ru,,"117574, Москва, Юго-Западный округ,  Голубинская улица, 28, к.2",421-82-00,"Средняя (полная) общеобразовательная школа, в т.ч. с углубленным изучением отдельных предметов","Государственное образовательное учреждение","Мотылева Лера Александровна",,http://www.edu.ru/schools/catalog/school/18/
"Средняя общеобразовательная школа № 750",http://sch750.svao.mskobr.ru,,"129337, Москва, Северо-Восточный округ,  Палехская улица, 8","183-27-01; 182-14-35","Средняя (полная) общеобразовательная школа, в т.ч. с углубленным изучением отдельных предметов","Государственное образовательное учреждение","Орлова Татьяна Леонидовна",,http://www.edu.ru/schools/catalog/school/38/
"Лицей № 1561",,,"117463, Москва, Юго-Западный округ,  Новоясеневский проспект, 38-2",425-94-88,"Лицей","Государственное образовательное учреждение","Завальский Юрий Сергеевич",,http://www.edu.ru/schools/catalog/school/24/
"Негосударственное образовательное учреждение средняя общеобразовательная школа Гимназия ""УТРО""",http://www.utro-mgu.ru/,info@utro-mgu.ru,"г. Москва, ул. Пырьева, д. 5","(8 (903))774-08-46","Средняя (полная) общеобразовательная школа, в т.ч. с углубленным изучением отдельных предметов","Негосударственное образовательное учреждение","Кудрякова Анна Николаевна",,http://www.edu.ru/schools/catalog/school/32/
"Центр образования № 1445",http://www.1445.ru,,"117574, Москва, Юго-Западный округ,  Голубинская улица, д.5 корп. 4
117574 Вильнюсская улица, д.8 корп. 3","423-38-22; 423-38-11","Центр образования","Государственное образовательное учреждение","Новоточина Людмила Витальевна",,http://www.edu.ru/schools/catalog/school/31/
"Средняя общеобразовательная школа № 780",http://www.sch780.nm.ru,,"117588, Москва, Юго-Западный округ,  Литовский бульвар, 42-2",426-85-01,"Средняя (полная) общеобразовательная школа, в т.ч. с углубленным изучением отдельных предметов","Государственное образовательное учреждение","Капул Валерий Яковлевич",,http://www.edu.ru/schools/catalog/school/21/
"Средняя общеобразовательная школа № 200",http://school200.ru,,"117574, Москва, Юго-Западный округ,  Голубинская улица, 21-3",421-93-50,"Средняя (полная) общеобразовательная школа, в т.ч. с углубленным изучением отдельных предметов","Государственное образовательное учреждение","Шишова Марина Игоревна",,http://www.edu.ru/schools/catalog/school/14/
"Средняя общеобразовательная школа № 156",http://www.156.ru,,"117463, Москва, Юго-Западный округ,  Паустовского улица, 5-2","422-24-22; 422-00-44","Средняя (полная) общеобразовательная школа, в т.ч. с углубленным изучением отдельных предметов","Государственное образовательное учреждение","Хапова Надежда Тимофеевна",,http://www.edu.ru/schools/catalog/school/15/
"Средняя общеобразовательная школа № 862",http://school862.ucoz.ru/,,"117463, Москва, Юго-Западный округ,  Голубинская улица, 23-3","422-34-00; 421-17-11","Средняя (полная) общеобразовательная школа, в т.ч. с углубленным изучением отдельных предметов","Государственное образовательное учреждение","Крупнова Лариса Сергеевна",,http://www.edu.ru/schools/catalog/school/27/
"Средняя общеобразовательная школа № 1094"," http://www.sait1094.narod.ru/; sch1094svao.mskobr.ru",,"129347, Москва, Северо-Восточный округ,  Палехская улица, 137","188-67-01; 188-63-38","Средняя (полная) общеобразовательная школа, в т.ч. с углубленным изучением отдельных предметов","Государственное образовательное учреждение","Петрова Татьяна Михайловна",,http://www.edu.ru/schools/catalog/school/39/
"Средняя общеобразовательная школа № 1096","http://school1096.narod.ru; http://sch1096.svao.mskobr.ru/",,"129337, Москва, Северо-Восточный округ,  Палехская улица, 10","188-51-01; 188-52-01","Средняя (полная) общеобразовательная школа, в т.ч. с углубленным изучением отдельных предметов","Государственное образовательное учреждение","Первушова Наталья Ивановна",,http://www.edu.ru/schools/catalog/school/37/
"Средняя общеобразовательная школа № 125",http://sosh125.mosuzedu.ru,,"117574, Москва, Юго-Западный округ,  Голубинская улица, 5-2","423-39-00; 421-49-77","Средняя (полная) общеобразовательная школа, в т.ч. с углубленным изучением отдельных предметов","Государственное образовательное учреждение","Абросимова Татьяна Викторовна",,http://www.edu.ru/schools/catalog/school/16/
"Негосударственное образовательное учреждение Средняя общеобразовательная школа “Ясенево”",,,"117463, Москва, Юго-Западный округ,  Голубинская улица, 24, корп.2",421-85-77,"Средняя (полная) общеобразовательная школа, в т.ч. с углубленным изучением отдельных предметов","Негосударственное образовательное учреждение","Северюхина Эльвира Леонидовна",,http://www.edu.ru/schools/catalog/school/30/
"Начальная школа - детский сад № 1604",,,"117593, Москва, Юго-Западный округ,  Рокотова улица, 8 к.4","426-81-44; 426-81-22","Начальная школа – детский сад","Государственное образовательное учреждение","Григорян Гаянэ Пайлаковна",,http://www.edu.ru/schools/catalog/school/26/
"Негосударственное образовательное учреждение Средняя общеобразовательная школа ""Ренессанс""",http://ren-s.ru,,"117593, Москва, Юго-Западный округ,  Айвазовского улица, 6, корп.3","514-74-67; 426-12-00","Лицей","Негосударственное образовательное учреждение","Митрошенкова Наталья Иванова",,http://www.edu.ru/schools/catalog/school/28/
"Центр образования № 1694 ""Ясенево""",http://co1694.ru,,"117593, Москва, Юго-Западный округ,  Литовский бульвар, 11 корп. 6
117593 Рокотова улица, 4 корп. 3","426-77-88; 426-77-55","Центр образования","Государственное образовательное учреждение","Бокарев Вячеслав Александрович",,http://www.edu.ru/schools/catalog/school/25/
"Средняя общеобразовательная школа № 1020",http://www.sosh1020.ru,,"117574, Москва, Юго-Западный округ,  Вильнюсская улица, 12",421-62-56,"Средняя (полная) общеобразовательная школа, в т.ч. с углубленным изучением отдельных предметов","Государственное образовательное учреждение","Горохова Ольга Вячеславовна",,http://www.edu.ru/schools/catalog/school/13/
"Средняя общеобразовательная школа (лаборатория) № 760 им.А.П.Мересьева",,,"129347, Москва, Северо-Восточный округ,  Ярославское шоссе, 147","182-66-19; 182-66-20","Средняя (полная) общеобразовательная школа, в т.ч. с углубленным изучением отдельных предметов","Государственное образовательное учреждение","Гармаш Владимир Юрьевич",,http://www.edu.ru/schools/catalog/school/45/
"Начальная школа - детский сад компенсирующего вида № 1746",,,"129347, Москва, Северо-Восточный округ,  Холмогорская улица, 5,стр.1","182-19-47; 182-22-65","Начальная школа – детский сад","Государственное образовательное учреждение","Зрелякова Елена Викторовна",,http://www.edu.ru/schools/catalog/school/44/
"Гимназия № 1577","http://gym1577.edusite.ru; http://www.gym1577.svao.mskobr.ru",,"129337, Москва, Северо-Восточный округ,  Ярославское шоссе, 8 к.6","(499) 188-47-47; (499) 183-90-01","Гимназия","Государственное образовательное учреждение","Корнеева Лариса Ювенальевна",,http://www.edu.ru/schools/catalog/school/42/
"Центр образования ""Школа здоровья"" № 1099 ""Ярославский""",http://co1099.svao.mskobr.ru,,"129347, Москва, Северо-Восточный округ,  Ротерта улица, 5","(499) 188-17-58; 182-52-01","Центр образования","Государственное образовательное учреждение","Шестакова Наталья Васильевна",,http://www.edu.ru/schools/catalog/school/40/
"Средняя общеобразовательная школа с углубленным изучением английского языка № 1262",http://sch1262.ru/,,"119049, Москва, Центральный округ,  Житная улица, 6/8","238-10-90; 238-43-75","Средняя (полная) общеобразовательная школа, в т.ч. с углубленным изучением отдельных предметов","Государственное образовательное учреждение","Шурыгина Галина Анатольевна",,http://www.edu.ru/schools/catalog/school/50/
"Центр образования № 1496",http://sch16siteedit.ru,,"119071, Москва, Центральный округ,  Ленинский проспект, 13а
Донская улица, 10","236-40-62; 237-40-62","Центр образования","Государственное образовательное учреждение","Карачарова Татьяна Ивановна",,http://www.edu.ru/schools/catalog/school/53/
"Средняя общеобразовательная школа № 1974","http://sch1974.ucoz.ru; www.школа1974.com",,"119017, Москва, Центральный округ,  1-й Казачий переулок, 8/10 стр.1","238-14-01; 238-65-00","Средняя (полная) общеобразовательная школа, в т.ч. с углубленным изучением отдельных предметов","Государственное образовательное учреждение","Добриков Александр Николаевич",,http://www.edu.ru/schools/catalog/school/54/
"Средняя общеобразовательная школа № 752",http://sch752.svao.mskobr.ru/,,"129337, Москва, Северо-Восточный округ,  Ярославское шоссе, 8 к.7","656-15-49; 656-15-34","Средняя (полная) общеобразовательная школа, в т.ч. с углубленным изучением отдельных предметов","Государственное образовательное учреждение","Юрова Алла Геннадьевна",,http://www.edu.ru/schools/catalog/school/47/
"Лицей № 1548",http://planetashkol.ru/edu/msk/litsey1548/,,"119180, Москва, Центральный округ,  Бродников переулок, 3","(499) 238-02-07; (499) 238-83-21; (499) 238-14-30","Лицей","Государственное образовательное учреждение","Богачева Марина Евгеньевна",,http://www.edu.ru/schools/catalog/school/51/
"Cредняя общеобразовательная школа № 509"," http://www.509.ruclass.ru/",,"115193, Москва, Юго-Восточный округ,  6-я Кожуховская улица, 8","710-19-95; 679-24-21; 710-20-31","Средняя (полная) общеобразовательная школа, в т.ч. с углубленным изучением отдельных предметов","Государственное образовательное учреждение","Жигулина Ирина Борисовна",,http://www.edu.ru/schools/catalog/school/57/
"Вечерняя (сменная) общеобразовательная школа № 66","http:// www.school-66.ru",,"109044, Москва, Юго-Восточный округ,  Крутицкий вал улица, 24","676-03-11; 676-26-54","Вечерняя (сменная) общеобразовательная школа","Государственное образовательное учреждение","Кочкина Светлана Александровна",,http://www.edu.ru/schools/catalog/school/63/
"Средняя общеобразовательная школа с углубленным изучением английского языка № 19",http://www.school19b.ru,,"115035, Москва, Центральный округ,  1-й Кадашевский переулок, 3",951-32-06,"Средняя (полная) общеобразовательная школа, в т.ч. с углубленным изучением отдельных предметов","Государственное образовательное учреждение","Сычёва Татьяна Евгеньевна",,http://www.edu.ru/schools/catalog/school/49/
"Негосударственное образовательное учреждение детский сад-начальная школа “Магнолия”"," http://www.magnolia-school.ru/",,"115193, Москва, Юго-Восточный округ,  7-я Кожуховская улица, д.18-а","679-26-49; 671-92-47","Начальная школа – детский сад","Негосударственное образовательное учреждение","Кумина Ирина Владимировна",,http://www.edu.ru/schools/catalog/school/61/
"Средняя общеобразовательная школа № 500","http:// www.sch-500.uvuo.ru",,"115193, Москва, Юго-Восточный округ,  1-я Машиностроения улица, 12, к.2",675-29-09,"Средняя (полная) общеобразовательная школа, в т.ч. с углубленным изучением отдельных предметов","Государственное образовательное учреждение","Набатникова Наталья Алексеевна",,http://www.edu.ru/schools/catalog/school/56/
"Средняя общеобразовательная школа № 485"," http://www.485.ruclass.ru/; http://www.sch-485.narod.ru",,"109193, Москва, Юго-Восточный округ,  3-й Кожуховский проезд, 3 а
109193 3-й Кожуховский проезд, 3а, стр.2",710-19-94,"Средняя (полная) общеобразовательная школа, в т.ч. с углубленным изучением отдельных предметов","Государственное образовательное учреждение","Ермолаева Анна Анатольевна",,http://www.edu.ru/schools/catalog/school/58/
"Лицей № 1546 ""Плехановец""",http://www.1546.ru/,,"117049, Москва, Центральный округ,  Донская улица, 21","237-09-91; 952-42-41","Лицей","Государственное образовательное учреждение","Сизова Татьяна Владимировна",,http://www.edu.ru/schools/catalog/school/52/
"Средняя общеобразовательная школа № 513"," http://513.zschool.ru/",,"115088, Москва, Юго-Восточный округ,  2-я Машиностроения улица, 3","675-09-19; 675-35-75; 675-21-97","Средняя (полная) общеобразовательная школа, в т.ч. с углубленным изучением отдельных предметов","Государственное образовательное учреждение","Овсиенко Ольга Алексеевна",,http://www.edu.ru/schools/catalog/school/59/
"Государственное бюджетное образовательное учреждение города Москвы гимназия № 1274 им.В.В.Маяковского","http://www.школа1274.рф/",1274@gymnasium1274.msk.ru,"Москва, Юго-Восточный округ,  1-я Дубровская улица, 16",(495)674-20-47,"Средняя (полная) общеобразовательная школа, в т.ч. с углубленным изучением отдельных предметов","Государственное образовательное учреждение","Уколов Антон Альфредович","1 - 11",http://www.edu.ru/schools/catalog/school/67/
"Средняя общеобразовательная школа № 677 ""Школа здоровья""","http:// www.sch677.ru",,"125364, Москва, Северо-Западный округ,  Фабрициуса улица, 10, корп. 2","493-45-44; 493-85-77","Средняя (полная) общеобразовательная школа, в т.ч. с углубленным изучением отдельных предметов","Государственное образовательное учреждение","Тришанова Марина Борисовна",,http://www.edu.ru/schools/catalog/school/76/
"Центр образования ""Школа здоровья"" № 1804 ""Кожухово"""," http://www.sch1804.uvuo.ru",,"115432, Москва, Юго-Восточный округ,  2-й Южнопортовый проезд, д.11 стр.1,2 
115432 Трофимова улица, д. 30, корп. 2
115432 2-й Южнопортовый проезд, д. 23, корп. 2","958-88-58; 679-19-39; 958-88-27
958-88-45","Центр образования","Государственное образовательное учреждение","Кучма Игорь Викторович",,http://www.edu.ru/schools/catalog/school/60/
"НОУ Учебный центр «Наука-сервис»",,,"109432, Москва, Юго-Восточный округ,  Трофимова улица, д.22, к.2, под.3","679-26-45; 677-68-84","Средняя (полная) общеобразовательная школа, в т.ч. с углубленным изучением отдельных предметов","Негосударственное образовательное учреждение","Сафир Романна Евгеньевна",,http://www.edu.ru/schools/catalog/school/62/
"Средняя общеобразовательная школа № 1137",,,"129347, Москва, Северо-Восточный округ,  Лосевская улица, д.7; 129347 Лосевская улица, д.9","(499) 182-55-92; (499) 183-39-10","Средняя (полная) общеобразовательная школа, в т.ч. с углубленным изучением отдельных предметов","Государственное образовательное учреждение","Куликова Марина Владимировна",,http://www.edu.ru/schools/catalog/school/41/
"Средняя общеобразовательная школа № 233","http://http:/www.school233.ru; http://sch233.svao.mskobr.ru/",,"127642, Москва, Северо-Восточный округ,  Сухонская улица, 3","479-30-76; 479-52-75","Средняя (полная) общеобразовательная школа, в т.ч. с углубленным изучением отдельных предметов","Государственное образовательное учреждение","Блинкова Иоланта Викторовна",,http://www.edu.ru/schools/catalog/school/81/
"НОУ ""Пироговская школа""",http://pirogovka.info/,,"119049, Москва, Центральный округ,  1-й Бабьегородский переулок, д.5/7, стр.9",238-40-12,"Средняя (полная) общеобразовательная школа, в т.ч. с углубленным изучением отдельных предметов","Негосударственное образовательное учреждение","Смола Михаил Васильевич",,http://www.edu.ru/schools/catalog/school/48/
"Лицей № 1568","http://www.fml1586.ru; www.lyc1568.svao.mskobr.ru",,"127221, Москва, Северо-Восточный округ,  Шокальского проезд, д.7,корп.2","656-88-13; 656-86-61","Лицей","Государственное образовательное учреждение","Кулешов Виктор Петрович",,http://www.edu.ru/schools/catalog/school/85/
"Средняя общеобразовательная школа № 114",http://sch114.edu.mhost.ru,,"125363, Москва, Северо-Западный округ,  Сходненская улица, 35","493-44-33; 492-51-13","Средняя (полная) общеобразовательная школа, в т.ч. с углубленным изучением отдельных предметов","Государственное образовательное учреждение","Ябко Татьяна Эммануиловна",,http://www.edu.ru/schools/catalog/school/78/
"Средняя общеобразовательная школа № 1168","http:// www.school1168clan.su",,"125373, Москва, Северо-Западный округ,  Яна Райниса бульвар, 43/2 
125373 Василия Петушкова улица, 23 к.1","493-80-87; 493-65-95
948-03-04; 948-63-00; 948-63-01","Средняя (полная) общеобразовательная школа, в т.ч. с углубленным изучением отдельных предметов","Государственное образовательное учреждение","Русанова Елена Николаевна",,http://www.edu.ru/schools/catalog/school/69/
"Лицей информационных технологий № 1537",http://www.lit1537.ru,,"129347, Москва, Северо-Восточный округ,  Проходчикова улица, 9","188-17-74; 182-27-15","Лицей","Государственное образовательное учреждение","Трунова Татьяна Владимировна",,http://www.edu.ru/schools/catalog/school/43/
"Средняя общеобразовательная школа № 300",http://www.school300.3dn.ru/,,"129081, Москва, Северо-Восточный округ,  Ясный проезд, 10, к.3",477-05-66,"Средняя (полная) общеобразовательная школа, в т.ч. с углубленным изучением отдельных предметов","Государственное образовательное учреждение","Шленская Мария Дмитриевна",,http://www.edu.ru/schools/catalog/school/88/
"Средняя общеобразовательная школа № 285",http://sch285.svao.mskobr.ru,,"129081, Москва, Северо-Восточный округ,  Ясный проезд, 24 кор.3","477-04-66; 477-35-77","Средняя (полная) общеобразовательная школа, в т.ч. с углубленным изучением отдельных предметов","Государственное образовательное учреждение","Шмидт Татьяна Михайловна",,http://www.edu.ru/schools/catalog/school/82/
"Средняя общеобразовательная школа № 462"," http://sch462.uvuo.ru/",,"115083, Москва, Юго-Восточный округ,  1-я Машиностроения улица, 3/5а",675-38-87,"Средняя (полная) общеобразовательная школа, в т.ч. с углубленным изучением отдельных предметов","Государственное образовательное учреждение","Трунова Раиса Васильевна",,http://www.edu.ru/schools/catalog/school/65/
"Средняя общеобразовательная школа № 307",http://www.sch307.svao.mskobr.ru,,"129221, Москва, Северо-Восточный округ,  Шокальского проезд, 11, к.2","477-11-33; 473-45-59","Средняя (полная) общеобразовательная школа, в т.ч. с углубленным изучением отдельных предметов","Государственное образовательное учреждение","Трусилова Ирина Борисовна",,http://www.edu.ru/schools/catalog/school/87/
"Средняя общеобразовательная школа № 819"," http://shcola819.narod.ru/",,"125362, Москва, Северо-Западный округ,  Свободы улица, 26","497-03-00; 497-33-66","Средняя (полная) общеобразовательная школа, в т.ч. с углубленным изучением отдельных предметов","Государственное образовательное учреждение","Исмайлова Елена Ивановна",,http://www.edu.ru/schools/catalog/school/75/
"Cредняя общеобразовательная школа с углубленным изучением экономики № 506",,,"115432, Москва, Юго-Восточный округ,  Трофимова улица, 13а",679-05-18,"Средняя (полная) общеобразовательная школа, в т.ч. с углубленным изучением отдельных предметов","Государственное образовательное учреждение","Крылова Галина Андреевна",,http://www.edu.ru/schools/catalog/school/55/
"Средняя общеобразовательная школа № 490",http://490.ruclass.ru,,"115193, Москва, Юго-Восточный округ,  Петра Романова улица, 16","677-73-02; 677-73-18","Средняя (полная) общеобразовательная школа, в т.ч. с углубленным изучением отдельных предметов","Государственное образовательное учреждение","Гусева Татьяна Павловна",,http://www.edu.ru/schools/catalog/school/64/
"Средняя общеобразовательная школа № 1038",http://Sch1038svao.mskobr.ru,,"129081, Москва, Северо-Восточный округ,  Ясный проезд, 21","477-13-13; 477-02-53","Средняя (полная) общеобразовательная школа, в т.ч. с углубленным изучением отдельных предметов","Государственное образовательное учреждение","Царева Ирина Владимировна",,http://www.edu.ru/schools/catalog/school/90/
"Средняя общеобразовательная школа № 1374 с углубленным изучением английского языка",http://www.school1374.narod.ru/,,"129337, Москва, Северо-Восточный округ,  Федосьинская улица, 4, стр.1","183-01-56; 182-04-83","Средняя (полная) общеобразовательная школа, в т.ч. с углубленным изучением отдельных предметов","Государственное образовательное учреждение","Рябинская Галина Алексеевна",,http://www.edu.ru/schools/catalog/school/46/
"Средняя общеобразовательная школа № 289",http://sch289.svao.mskobr.ru,,"129081, Москва, Северо-Восточный округ,  Ясный проезд, 10а","477-03-79; 477-04-88; 477-31-61","Средняя (полная) общеобразовательная школа, в т.ч. с углубленным изучением отдельных предметов","Государственное образовательное учреждение","Спирина Мария Анатольевна",,http://www.edu.ru/schools/catalog/school/89/
"НОУ Средняя общеобразовательная школа ""Союз"""," http://shkola-sojuz.ru",,"123364, Москва, Северо-Западный округ,  Фабрициуса улица, д.35, к.2",,"Средняя (полная) общеобразовательная школа, в т.ч. с углубленным изучением отдельных предметов","Негосударственное образовательное учреждение","Яковлева Марина Андреевна",,http://www.edu.ru/schools/catalog/school/79/
"Средняя общеобразовательная школа № 1237 с углубленным изучением испанского языка им. Пабло Неруды","http://www.sc1237.narod.ru/; http://schu1237.svao.mskobr.ru/",,"129221, Москва, Северо-Восточный округ,  Шокальского проезд, 11 к.3","477-11-55; 477-81-02","Средняя (полная) общеобразовательная школа, в т.ч. с углубленным изучением отдельных предметов","Государственное образовательное учреждение","Айданцева Наталия Ивановна",,http://www.edu.ru/schools/catalog/school/83/
"Средняя общеобразовательная школа № 469"," http://sch0469.uvuo.ru",,"115088, Москва, Юго-Восточный округ,  Симоновский вал улица, 18а",674-10-15,"Средняя (полная) общеобразовательная школа, в т.ч. с углубленным изучением отдельных предметов","Государственное образовательное учреждение","Фролова Галина Николаевна",,http://www.edu.ru/schools/catalog/school/66/
"Средняя общеобразовательная школа № 1161",http://school-1161.ru,shkola1161@gmail.com,"Москва, Юго-Западный округ,  Изюмская улица, д. 35А",(499)793-93-09,"Средняя (полная) общеобразовательная школа, в т.ч. с углубленным изучением отдельных предметов","Государственное образовательное учреждение","Макаров Александр Сергеевич",,http://www.edu.ru/schools/catalog/school/98/
"Cредняя общеобразовательная школа № 1981",http://school1981.mosuzedu.ru,,"117042, Москва, Юго-Западный округ,  Бартеневская улица, 27","717-17-54; 717-17-45","Средняя (полная) общеобразовательная школа, в т.ч. с углубленным изучением отдельных предметов","Государственное образовательное учреждение","Чермошенцев Александр Викторович",,http://www.edu.ru/schools/catalog/school/94/
"Средняя общеобразовательная школа № 1163",http://1163.zschool.ru,,"117623, Москва, Юго-Западный округ,  Большая Бутовская улица, 9",712-76-33,"Средняя (полная) общеобразовательная школа, в т.ч. с углубленным изучением отдельных предметов","Государственное образовательное учреждение","Щукин Николай Иванович",,http://www.edu.ru/schools/catalog/school/97/
"Средняя общеобразовательная школа № 1980","http://school1980.mosuzedu.ru; http://shkola-1980.Narod.ru",,"117042, Москва, Юго-Западный округ,  Чечерский проезд, 56",715-51-36,"Средняя (полная) общеобразовательная школа, в т.ч. с углубленным изучением отдельных предметов","Государственное образовательное учреждение","Сибилев Игорь Вячеславович",,http://www.edu.ru/schools/catalog/school/95/
"Средняя общеобразовательная школа ""Школа здоровья"" № 1058",http://school1058.ucoz.ru,,"125363, Москва, Северо-Западный округ,  Аэродромная улица, 9","948-66-19; 948-66-22; 948-66-17; (495) 948-66-21","Средняя (полная) общеобразовательная школа, в т.ч. с углубленным изучением отдельных предметов","Государственное образовательное учреждение","Сарайкина Надежда Михайловна",,http://www.edu.ru/schools/catalog/school/80/
"Средняя общеобразовательная школа № 956","http://www.school956.ru; http://sch956svao.mskobr.ru/",,"127642, Москва, Северо-Восточный округ,  Заповедная улица, 22","186-38-92; 186-39-56","Средняя (полная) общеобразовательная школа, в т.ч. с углубленным изучением отдельных предметов","Государственное образовательное учреждение","Балакирева Елена Натановна",,http://www.edu.ru/schools/catalog/school/86/
"Средняя общеобразовательная школа ""Школа Здоровья"" № 1979",,,"117042, Москва, Юго-Западный округ,  Адмирала Лазарева улица, 40 корп. 2",715-59-81,"Средняя (полная) общеобразовательная школа, в т.ч. с углубленным изучением отдельных предметов","Государственное образовательное учреждение","Устинова Галина Николаевна",,http://www.edu.ru/schools/catalog/school/96/
"Cредняя общеобразовательная школа № 1972",,,"117042, Москва, Юго-Западный округ,  Бартеневская улица, 49 корп. 4",715-59-54,"Средняя (полная) общеобразовательная школа, в т.ч. с углубленным изучением отдельных предметов","Государственное образовательное учреждение","Ушакова Светлана Сергеевна",,http://www.edu.ru/schools/catalog/school/91/
"Cредняя общеобразовательная школа № 1994",http://school1994.mosuzedu.ru,,"117042, Москва, Юго-Западный округ,  Витте аллея, 2, к.1",717-90-45,"Средняя (полная) общеобразовательная школа, в т.ч. с углубленным изучением отдельных предметов","Государственное образовательное учреждение","Федюк Вячеслав Федорович",,http://www.edu.ru/schools/catalog/school/93/
"Негосударственное образовательное учреждение учебный центр “Росинка”"," http://www.rosinka.ru",,"123373, Москва, Северо-Западный округ,  Походный проезд, д.19","948-06-10; 948-06-11","Начальная школа – детский сад","Негосударственное образовательное учреждение","Колесникова Юлия Дмитриевна",,http://www.edu.ru/schools/catalog/school/68/
"Государственное бюджетное образовательное учреждение г.Москвы средняя общеобразовательная школа №1064",http://school-1064.mosuzedu.ru,1064@mail.ru,"Москва, Юго-Западный округ,  Скобелевская улица, 30",(8-(495))716-67-45,"Средняя (полная) общеобразовательная школа, в т.ч. с углубленным изучением отдельных предметов","Государственное образовательное учреждение","Еремеева Ольга Михайловна",,http://www.edu.ru/schools/catalog/school/99/
"Начальная школа-детский сад № 1839",,,"117042, Москва, Юго-Западный округ,  Cкобелевская улица, 18",716-95-18,"Начальная школа – детский сад","Государственное образовательное учреждение","Глушко Алла Владимировна",,http://www.edu.ru/schools/catalog/school/92/
"Центр образования № 1482",http://www.1482.ru,,"129081, Москва, Северо-Восточный округ,  Заповедная улица, 12","477-54-43; 477-34-59","Центр образования","Государственное образовательное учреждение","Поротикова Евгения Кузминична",,http://www.edu.ru/schools/catalog/school/84/
"Средняя общеобразовательная школа № 116",http://sch116sz.educom.ru/,,"125459, Москва, Северо-Западный округ,  Туристская улица, 11-2","492-92-81; 493-93-36","Средняя (полная) общеобразовательная школа, в т.ч. с углубленным изучением отдельных предметов","Государственное образовательное учреждение","Макаренкова Татьяна Алексеевна",,http://www.edu.ru/schools/catalog/school/77/
"Средняя общеобразовательная школа с этнокультурным (русским) компонентом образования № 1107",,,"117593, Москва, Юго-Западный округ,  Соловьиный проезд, 4 корп. 2",426-95-11,"Средняя (полная) общеобразовательная школа, в т.ч. с углубленным изучением отдельных предметов","Государственное образовательное учреждение","Хитров Сергей Юрьевич",,http://www.edu.ru/schools/catalog/school/35/
"Средняя общеобразовательная школа ""Школа Здоровья"" № 1693 имени 1-й дивизии народного ополчения Москвы",http://www.sch1693.ru,,"117463, Москва, Юго-Западный округ,  Паустовского улица, д.6 корп. 2 
117463 Паустовского улица, д.8 корп. 2","423-33-00; 421-22-66","Средняя (полная) общеобразовательная школа, в т.ч. с углубленным изучением отдельных предметов","Государственное образовательное учреждение","Крютченко Валентина Владимировна",,http://www.edu.ru/schools/catalog/school/36/
"Средняя общеобразовательная школа № 1199 ""Лига Школ""",http://www.liga1199.ru,,"117574, Москва, Юго-Западный округ,  Новоясеневский проспект, 16 корп. 2","427-59-45; 427-51-98","Средняя (полная) общеобразовательная школа, в т.ч. с углубленным изучением отдельных предметов","Государственное образовательное учреждение","Бебчук Сергей Александрович",,http://www.edu.ru/schools/catalog/school/34/
"Негосударственное образовательное учреждение средняя общеобразовательная школа ""Московская классическая гимназия"""," http://mklassic.ru/",,"123363, Москва, Северо-Западный округ,  Новопоселковая улица, д.5а",493-91-83,"Средняя (полная) общеобразовательная школа, в т.ч. с углубленным изучением отдельных предметов","Негосударственное образовательное учреждение","Ченцова Ирина Николаевна",,http://www.edu.ru/schools/catalog/school/70/
"Средняя общеобразовательная школа ""Школа здоровья"" № 821","http:// www.school821.ru",,"125373, Москва, Северо-Западный округ,  Светлогорский проезд, д.7, к.1","949-00-16; 949-15-36; 949-58-10; 949-58-04","Средняя (полная) общеобразовательная школа, в т.ч. с углубленным изучением отдельных предметов","Государственное образовательное учреждение","Лопатникова Татьяна Викторовна",,http://www.edu.ru/schools/catalog/school/71/
"Гимназия № 1551"," http://gym1551.edu.mhost.ru/; http://gym1551.ru",,"125364, Москва, Северо-Западный округ,  Свободы улица, 42 к.2","493-90-80; 493-90-70","Гимназия","Государственное образовательное учреждение","Куликова Марина Николаевна",,http://www.edu.ru/schools/catalog/school/72/
"Средняя общеобразовательная школа № 828",http://htth://school828.ucoz.ru,,"125364, Москва, Северо-Западный округ,  Фабрициуса улица, 6, к.2","492-95-75; 493-65-93","Средняя (полная) общеобразовательная школа, в т.ч. с углубленным изучением отдельных предметов","Государственное образовательное учреждение","Новичкова Наталия Анатольевна",,http://www.edu.ru/schools/catalog/school/74/
"Средняя общеобразовательная школа № 1056","http:// www.sch1056.ru",,"125363, Москва, Северо-Западный округ,  Штурвальная улица, 7/2","491-96-10; 493-22-01; 497-01-40; 491-50-40","Средняя (полная) общеобразовательная школа, в т.ч. с углубленным изучением отдельных предметов","Государственное образовательное учреждение","Лободюк Надежда Николаевна",,http://www.edu.ru/schools/catalog/school/73/
